,Section Title,Url,Url Extracted
0,"Abroad, Ghanaians",https://www.ghanaweb.com/GhanaHomePage/diaspora/Ghana-is-expensive-I-spent-more-than-GH-15-000-in-three-weeks-UK-based-Ghanaian-1553582,1
1,"Abroad, Ghanaians",https://www.ghanaweb.com/GhanaHomePage/diaspora/I-m-unhappy-my-husband-and-kids-were-excluded-from-the-visa-lottery-US-based-Ghanaian-1552520,1
2,"Abroad, Ghanaians",https://www.ghanaweb.com/GhanaHomePage/diaspora/Nana-Antwi-Agyei-Brempong-II-partners-Mayor-of-Markt-Murnau-to-develop-Atwima-community-1551068,1
3,"Abroad, Ghanaians",https://www.ghanaweb.com/GhanaHomePage/diaspora/Turkey-is-not-a-place-for-hustlers-the-currency-is-depreciating-Woman-reveals-1550723,1
4,"Abroad, Ghanaians",https://www.ghanaweb.com/GhanaHomePage/diaspora/Queen-Elizabeth-recognises-Ghanaian-volunteer-with-Commonwealth-Points-of-Light-Award-1550390,1
5,"Abroad, Ghanaians",https://www.ghanaweb.com/GhanaHomePage/diaspora/Samuel-Okudzeto-Ablakwa-addresses-NDC-Holland-chapter-town-hall-meeting-1549889,1
6,"Abroad, Ghanaians",https://www.ghanaweb.com/GhanaHomePage/diaspora/Kingsley-Adumattah-Agyapong-wins-NPP-UK-2022-Chairmanship-election-1549694,1
7,"Abroad, Ghanaians",https://www.ghanaweb.com/GhanaHomePage/diaspora/Fraudsters-robbed-me-of-a-GH-350-000-car-with-a-fake-cheque-UAE-based-Ghanaian-reveals-1549184,1
8,"Abroad, Ghanaians",https://www.ghanaweb.com/GhanaHomePage/diaspora/Ghanaian-doctor-honoured-in-Nigeria-for-contributing-to-youth-development-1549172,1
9,"Abroad, Ghanaians",https://www.ghanaweb.com/GhanaHomePage/diaspora/US-based-NGO-to-set-up-mental-health-rehab-centre-in-Accra-1549148,1
10,"Abroad, Ghanaians",https://www.ghanaweb.com/GhanaHomePage/diaspora/My-wife-deliberately-committed-an-offence-to-have-me-deported-from-UK-Man-claims-1549004,1
11,"Abroad, Ghanaians",https://www.ghanaweb.com/GhanaHomePage/diaspora/NPP-Germany-branch-elects-new-executive-officers-1548557,1
12,"Abroad, Ghanaians",https://www.ghanaweb.com/GhanaHomePage/diaspora/GCAO-opens-Community-Resource-Hub-in-Toronto-1547771,1
13,"Abroad, Ghanaians",https://www.ghanaweb.com/GhanaHomePage/diaspora/My-father-betrayed-me-for-a-Canadian-visa-Young-man-reveals-1547609,1
14,"Abroad, Ghanaians",https://www.ghanaweb.com/GhanaHomePage/diaspora/Ghanaians-are-complaining-of-economic-hardship-I-m-not-coming-back-SA-based-Ghanaian-1546949,1
15,"Abroad, Ghanaians",https://www.ghanaweb.com/GhanaHomePage/diaspora/Project-Management-Consultant-selected-for-2022-Mandela-Washington-Fellowship-1546862,1
16,"Abroad, Ghanaians",https://www.ghanaweb.com/GhanaHomePage/diaspora/Ghanaian-female-doctor-receives-award-in-Public-Health-from-Harvard-1546760,1
17,"Abroad, Ghanaians",https://www.ghanaweb.com/GhanaHomePage/diaspora/My-ex-wife-used-juju-on-me-she-divorced-me-after-she-got-to-Germany-Ghanaian-in-Germany-1546754,1
18,"Abroad, Ghanaians",https://www.ghanaweb.com/GhanaHomePage/diaspora/PFD-holds-maiden-seminar-in-Southern-Norway-1545923,1
19,"Abroad, Ghanaians",https://www.ghanaweb.com/GhanaHomePage/diaspora/Alan-s-camp-wins-NPP-UK-branch-executive-elections-1545638,1
20,"Abroad, Ghanaians",https://www.ghanaweb.com/GhanaHomePage/diaspora/There-are-still-trustworthy-Ghanaians-to-work-with-not-all-are-dishonest-US-based-women-shares-1545398,1
21,"Abroad, Ghanaians",https://www.ghanaweb.com/GhanaHomePage/diaspora/I-converted-to-Islam-because-I-wanted-to-travel-US-based-Ghanaian-teacher-1545389,1
22,"Abroad, Ghanaians",https://www.ghanaweb.com/GhanaHomePage/diaspora/Meet-US-based-nursing-practitioner-gospel-musician-who-hopes-to-establish-a-clinic-in-Ghana-1545074,1
23,"Abroad, Ghanaians",https://www.ghanaweb.com/GhanaHomePage/diaspora/NPP-UK-branch-elects-new-executives-1544939,1
24,"Abroad, Ghanaians",https://www.ghanaweb.com/GhanaHomePage/diaspora/I-lost-all-my-investments-in-Ghana-moved-to-Germany-out-of-frustration-Man-reveals-1544444,1
25,"Abroad, Ghanaians",https://www.ghanaweb.com/GhanaHomePage/diaspora/You-can-t-work-as-a-security-guard-without-a-residence-permit-in-Mauritius-Man-counters-claim-1543985,1
26,"Abroad, Ghanaians",https://www.ghanaweb.com/GhanaHomePage/diaspora/Pastors-collapsed-my-savings-and-loans-company-I-lost-over-GH-200-000-France-based-musician-1543442,1
0,Athletics,https://www.ghanaweb.com/GhanaHomePage/athletics//GhanaHomePage/athletics/Botsyo-Nkegbe-MacLean-Atsu-Dzidzienyo-leave-for-2022-Dessert-Challenge-in-Arizona-1541246,1
1,Athletics,https://www.ghanaweb.com/GhanaHomePage/athletics//GhanaHomePage/athletics/Benjamin-Azamati-is-a-great-inspiration-to-me-Isaac-Botsio-1531586,1
2,Athletics,https://www.ghanaweb.com/GhanaHomePage/athletics//GhanaHomePage/athletics/Koforidua-to-host-Circuit-III-Championship-on-Saturday-1496027,1
3,Athletics,https://www.ghanaweb.com/GhanaHomePage/athletics//GhanaHomePage/athletics/2021-marathon-was-a-huge-success-Koforidua-Marathon-Foundation-1442773,1
4,Athletics,https://www.ghanaweb.com/GhanaHomePage/athletics//GhanaHomePage/athletics/2nd-edition-of-Koforidua-Marathon-comes-off-December-11-1420597,1
5,Athletics,https://www.ghanaweb.com/GhanaHomePage/athletics//GhanaHomePage/athletics/Playing-sports-is-not-detrimental-to-academic-aspirations-Benjamin-Azamati-1416274,1
6,Athletics,https://www.ghanaweb.com/GhanaHomePage/athletics//GhanaHomePage/athletics/Athletes-told-to-embrace-government-plan-on-state-rewards-1409671,1
7,Athletics,https://www.ghanaweb.com/GhanaHomePage/athletics//GhanaHomePage/athletics/Change-in-our-education-system-affected-athletics-Fmr-GAA-president-1394254,1
8,Athletics,https://www.ghanaweb.com/GhanaHomePage/athletics//GhanaHomePage/athletics/Lariba-Sakat-wins-Women-s-Asante-Akyem-marathon-1366852,1
9,Athletics,https://www.ghanaweb.com/GhanaHomePage/athletics//GhanaHomePage/athletics/Amponsah-remains-the-undisputed-king-of-long-distances-1366846,1
10,Athletics,https://www.ghanaweb.com/GhanaHomePage/athletics//GhanaHomePage/athletics/Charles-Osei-Asibey-elected-2nd-Vice-President-of-Ghana-Athletics-Association-1318063,1
11,Athletics,https://www.ghanaweb.com/GhanaHomePage/athletics//GhanaHomePage/athletics/Ghana-s-track-field-squad-ready-to-make-history-at-Olympics-Coach-Baba-1316809,1
12,Athletics,https://www.ghanaweb.com/GhanaHomePage/athletics//GhanaHomePage/athletics/Tokyo-2020-Nadia-Eke-happy-to-experience-her-first-Olympic-Games-1316146,1
13,Athletics,https://www.ghanaweb.com/GhanaHomePage/athletics//GhanaHomePage/athletics/Amponsah-picks-10th-position-at-Heritage-Marathon-in-Nigeria-1312789,1
14,Athletics,https://www.ghanaweb.com/GhanaHomePage/athletics//GhanaHomePage/athletics/Francis-Dodoo-steps-down-as-Ghana-Athletics-Association-s-President-1311235,1
15,Athletics,https://www.ghanaweb.com/GhanaHomePage/athletics//GhanaHomePage/athletics/Accra-to-Host-West-Africa-International-Marathon-1277353,1
16,Athletics,https://www.ghanaweb.com/GhanaHomePage/athletics//GhanaHomePage/athletics/William-Amponsah-to-participate-in-Marrakesh-International-Marathon-1270129,1
17,Athletics,https://www.ghanaweb.com/GhanaHomePage/athletics//GhanaHomePage/athletics/Ansah-Sarfo-has-not-qualified-for-Tokyo-Olympics-Ghana-Athletics-1263769,1
18,Athletics,https://www.ghanaweb.com/GhanaHomePage/athletics//GhanaHomePage/athletics/GNPC-Ghana-Fastest-Human-2021-finals-set-for-Saturday-in-Kumasi-1254754,1
19,Athletics,https://www.ghanaweb.com/GhanaHomePage/athletics//GhanaHomePage/athletics/GAA-has-confirmed-receiving-9000-from-GOC-Benjamin-Willie-Graham-1254481,1
20,Athletics,https://www.ghanaweb.com/GhanaHomePage/athletics//GhanaHomePage/athletics/NSA-clarifies-Anokye-s-World-Relay-Championship-snub-1251427,1
21,Athletics,https://www.ghanaweb.com/GhanaHomePage/athletics//GhanaHomePage/athletics/2021-World-Relays-Ghana-s-4x100M-men-relay-team-disqualified-in-finals-1249294,1
22,Athletics,https://www.ghanaweb.com/GhanaHomePage/athletics//GhanaHomePage/athletics/Meet-Benedicta-Kwartemaa-The-OKESS-sprinting-princess-1236799,1
23,Athletics,https://www.ghanaweb.com/GhanaHomePage/athletics//GhanaHomePage/athletics/Benjamin-Azamati-makes-history-again-1224775,1
24,Athletics,https://www.ghanaweb.com/GhanaHomePage/athletics//GhanaHomePage/athletics/GAA-salutes-Nkansah-Foundation-for-support-1220914,1
25,Athletics,https://www.ghanaweb.com/GhanaHomePage/athletics//GhanaHomePage/athletics/Give-Martha-Bissah-the-chance-if-she-can-still-win-a-medal-for-Ghana-GOC-President-1212964,1
26,Athletics,https://www.ghanaweb.com/GhanaHomePage/athletics//GhanaHomePage/athletics/Martha-Bissah-is-focused-and-willing-to-compete-for-Ghana-Former-GAA-President-1212859,1
27,Athletics,https://www.ghanaweb.com/GhanaHomePage/athletics//GhanaHomePage/athletics/Athletes-impress-at-2021-GNPC-Ghana-Fastest-Human-1212169,1
28,Athletics,https://www.ghanaweb.com/GhanaHomePage/athletics//GhanaHomePage/athletics/Amponsah-qualifies-for-Africa-Cross-Country-Championship-1187071,1
29,Athletics,https://www.ghanaweb.com/GhanaHomePage/athletics//GhanaHomePage/athletics/Afful-Basit-wins-2021-National-Cross-Country-race-1185799,1
30,Athletics,https://www.ghanaweb.com/GhanaHomePage/athletics//GhanaHomePage/athletics/GAA-outlines-measures-for-athletics-1164352,1
31,Athletics,https://www.ghanaweb.com/GhanaHomePage/athletics//GhanaHomePage/athletics/Ghana-Athletics-Association-gets-support-to-organize-training-and-coaching-courses-1143980,1
32,Athletics,https://www.ghanaweb.com/GhanaHomePage/athletics//GhanaHomePage/athletics/I-m-now-focused-on-returning-to-athletics-Martha-Bissah-1134149,1
33,Athletics,https://www.ghanaweb.com/GhanaHomePage/athletics//GhanaHomePage/athletics/2020-Gold-Fields-PGA-Championship-Golfers-urged-to-maintain-discipline-1120049,1
34,Athletics,https://www.ghanaweb.com/GhanaHomePage/athletics//GhanaHomePage/athletics/Medal-expectations-on-Ghanaian-athletes-unrealistic-without-adequate-preparations-Eric-Nkansah-1047709,1
35,Athletics,https://www.ghanaweb.com/GhanaHomePage/athletics//GhanaHomePage/athletics/Ignisious-Gaisah-eyes-Ghana-return-1035910,1
36,Athletics,https://www.ghanaweb.com/GhanaHomePage/athletics//GhanaHomePage/athletics/Former-athletics-boss-to-do-more-for-women-football-1003432,1
37,Athletics,https://www.ghanaweb.com/GhanaHomePage/athletics//GhanaHomePage/athletics/Ghana-s-Prof-Francis-Dodoo-appointed-to-chair-World-Athletics-Governance-Commission-909394,1
38,Athletics,https://www.ghanaweb.com/GhanaHomePage/athletics//GhanaHomePage/athletics/Bring-back-tartan-tracks-to-promote-athletics-in-Accra-Athletes-898222,1
39,Athletics,https://www.ghanaweb.com/GhanaHomePage/athletics//GhanaHomePage/athletics/GAA-suspends-all-athletics-events-over-coronavirus-895945,1
40,Athletics,https://www.ghanaweb.com/GhanaHomePage/athletics//GhanaHomePage/athletics/GAA-gets-Tokyo-2020-Olympic-Games-boost-893239,1
41,Athletics,https://www.ghanaweb.com/GhanaHomePage/athletics//GhanaHomePage/athletics/Gad-Owusu-shows-class-at-GAA-Circuit-championship-889192,1
42,Athletics,https://www.ghanaweb.com/GhanaHomePage/athletics//GhanaHomePage/athletics/Kwahu-Easter-Marathon-gets-official-sponsor-888382,1
43,Athletics,https://www.ghanaweb.com/GhanaHomePage/athletics//GhanaHomePage/athletics/Mohamed-Aziz-Ramata-Abdulai-win-2020-National-Cross-Country-877120,1
44,Athletics,https://www.ghanaweb.com/GhanaHomePage/athletics//GhanaHomePage/athletics/Ajumako-to-host-2020-National-Cross-Country-863098,1
45,Athletics,https://www.ghanaweb.com/GhanaHomePage/athletics//GhanaHomePage/athletics/Paralympian-Raphael-Botsyo-Nkegbe-calls-for-support-to-defend-gold-medal-856309,1
46,Athletics,https://www.ghanaweb.com/GhanaHomePage/athletics//GhanaHomePage/athletics/Joseph-Amoah-reclaims-record-in-USA-854476,1
47,Athletics,https://www.ghanaweb.com/GhanaHomePage/athletics//GhanaHomePage/athletics/Emmanuel-Tuffour-has-high-hopes-for-Ghana-Athletics-785614,1
48,Athletics,https://www.ghanaweb.com/GhanaHomePage/athletics//GhanaHomePage/athletics/Doha-2019-Day-1-Joseph-Amoah-in-action-in-men-s-100m-heats-kick-off-championships-784159,1
49,Athletics,https://www.ghanaweb.com/GhanaHomePage/athletics//GhanaHomePage/athletics/Triple-jumper-Nadia-Eke-to-miss-IAAF-Championship-with-injury-782570,1
50,Athletics,https://www.ghanaweb.com/GhanaHomePage/athletics//GhanaHomePage/athletics/Doha-2019-GAA-announces-10-member-team-for-world-championships-782317,1
51,Athletics,https://www.ghanaweb.com/GhanaHomePage/athletics//GhanaHomePage/athletics/Ghana-s-Abdul-Sani-Brown-named-in-Japan-s-team-for-IAAF-World-Athletics-Championships-782020,1
52,Athletics,https://www.ghanaweb.com/GhanaHomePage/athletics//GhanaHomePage/athletics/Doha-2019-Ghana-men-s-4x100m-relay-team-qualifies-for-world-Championships-779959,1
53,Athletics,https://www.ghanaweb.com/GhanaHomePage/athletics//GhanaHomePage/athletics/Amponsah-Azuure-win-big-at-2019-Millennium-Marathon-779618,1
54,Athletics,https://www.ghanaweb.com/GhanaHomePage/athletics//GhanaHomePage/athletics/GBC-GAA-agree-to-partner-for-IAAF-World-Championships-Doha-2019-broadcast-779010,1
55,Athletics,https://www.ghanaweb.com/GhanaHomePage/athletics//GhanaHomePage/athletics/GAA-names-team-for-2019-African-Games-772103,1
56,Athletics,https://www.ghanaweb.com/GhanaHomePage/athletics//GhanaHomePage/athletics/Gadayi-wins-GNPC-Ghana-Fastest-Kumasi-Open-759456,1
57,Athletics,https://www.ghanaweb.com/GhanaHomePage/athletics//GhanaHomePage/athletics/Toyota-Ghana-headlines-2019-Olympic-Day-Run-in-Koforidua-756808,1
58,Athletics,https://www.ghanaweb.com/GhanaHomePage/athletics//GhanaHomePage/athletics/University-of-Ghana-targets-40-medals-at-2020-GUSA-Games-755261,1
59,Athletics,https://www.ghanaweb.com/GhanaHomePage/athletics//GhanaHomePage/athletics/Kwahu-Marathon-is-a-good-test-for-long-distance-runners-Amponsah-740799,1
60,Athletics,https://www.ghanaweb.com/GhanaHomePage/athletics//GhanaHomePage/athletics/Amponsah-wins-2019-Kwahu-Easter-Marathon-740430,1
61,Athletics,https://www.ghanaweb.com/GhanaHomePage/athletics//GhanaHomePage/athletics/Morocco-2019-Ghana-2023-African-Games-teams-to-share-ideas-739511,1
62,Athletics,https://www.ghanaweb.com/GhanaHomePage/athletics//GhanaHomePage/athletics/Free-accommodation-for-athletes-at-Kwahu-Marathon-Medivent-Consult-738478,1
63,Athletics,https://www.ghanaweb.com/GhanaHomePage/athletics//GhanaHomePage/athletics/Top-athletes-register-for-2019-Kwahu-Marathon-738470,1
64,Athletics,https://www.ghanaweb.com/GhanaHomePage/athletics//GhanaHomePage/athletics/Ghana-s-William-Amponsah-to-miss-Boston-Marathon-due-to-visa-issues-737546,1
65,Athletics,https://www.ghanaweb.com/GhanaHomePage/athletics//GhanaHomePage/athletics/Arthur-calls-for-fairness-at-2019-Kwahu-Marathon-735921,1
66,Athletics,https://www.ghanaweb.com/GhanaHomePage/athletics//GhanaHomePage/athletics/Bel-Beverages-join-list-of-sponsors-for-Kwahu-Marathon-734310,1
67,Athletics,https://www.ghanaweb.com/GhanaHomePage/athletics//GhanaHomePage/athletics/Ghanaian-student-in-Russia-arrives-in-Ghana-to-compete-in-Kwahu-Marathon-733492,1
68,Athletics,https://www.ghanaweb.com/GhanaHomePage/athletics//GhanaHomePage/athletics/Hamidu-Baba-slashes-100m-record-730740,1
69,Athletics,https://www.ghanaweb.com/GhanaHomePage/athletics//GhanaHomePage/athletics/Second-Edition-of-Kwahu-Easter-Mountain-Marathon-launched-726460,1
70,Athletics,https://www.ghanaweb.com/GhanaHomePage/athletics//GhanaHomePage/athletics/Kwahu-Easter-Mountain-Marathon-fixed-for-April-20-725500,1
71,Athletics,https://www.ghanaweb.com/GhanaHomePage/athletics//GhanaHomePage/athletics/2019-Asante-Akyem-Marathon-set-for-April-22-724920,1
72,Athletics,https://www.ghanaweb.com/GhanaHomePage/athletics//GhanaHomePage/athletics/Millennium-Marathon-2018-winner-to-participate-in-Dubai-Marathon-718012,1
73,Athletics,https://www.ghanaweb.com/GhanaHomePage/athletics//GhanaHomePage/athletics/Lutterodt-seeks-the-best-for-athletics-in-Ghana-716004,1
74,Athletics,https://www.ghanaweb.com/GhanaHomePage/athletics//GhanaHomePage/athletics/Akuka-Williams-comes-3rd-at-International-Marathon-701895,1
75,Athletics,https://www.ghanaweb.com/GhanaHomePage/athletics//GhanaHomePage/athletics/Ghana-to-host-International-Cycling-competition-in-Upper-East-Region-692234,1
76,Athletics,https://www.ghanaweb.com/GhanaHomePage/athletics//GhanaHomePage/athletics/Deputy-Sports-Minister-confirms-Ghana-s-bid-for-2023-All-Africa-Games-689584,1
77,Athletics,https://www.ghanaweb.com/GhanaHomePage/athletics//GhanaHomePage/athletics/Commonwealth-Hall-dominate-55th-University-of-Ghana-cross-country-688370,1
78,Athletics,https://www.ghanaweb.com/GhanaHomePage/athletics//GhanaHomePage/athletics/Ismael-Arthur-Elizabeth-Azure-win-2018-Big-Millennium-Marathon-687120,1
79,Athletics,https://www.ghanaweb.com/GhanaHomePage/athletics//GhanaHomePage/athletics/All-set-for-2018-Big-Millennium-Marathon-686570,1
80,Athletics,https://www.ghanaweb.com/GhanaHomePage/athletics//GhanaHomePage/athletics/UG-Cross-Country-Who-dethrones-Joseph-Mensah-686293,1
81,Athletics,https://www.ghanaweb.com/GhanaHomePage/athletics//GhanaHomePage/athletics/Millenium-Marathon-3-win-prizes-as-9th-draw-is-held-685716,1
82,Athletics,https://www.ghanaweb.com/GhanaHomePage/athletics//GhanaHomePage/athletics/Let-s-use-Millennium-Marathon-to-project-Accra-Accra-Mayor-677734,1
83,Athletics,https://www.ghanaweb.com/GhanaHomePage/athletics//GhanaHomePage/athletics/Elite-Sports-promises-more-excitement-for-Millennium-Marathon-676036,1
84,Athletics,https://www.ghanaweb.com/GhanaHomePage/athletics//GhanaHomePage/athletics/Gadayi-And-Sarfo-Ansah-shine-at-Accra-edition-of-GNPC-Ghana-Fastest-Human-673001,1
85,Athletics,https://www.ghanaweb.com/GhanaHomePage/athletics//GhanaHomePage/athletics/Bismark-Boateng-s-switch-from-soccer-to-track-starting-to-pay-off-669645,1
86,Athletics,https://www.ghanaweb.com/GhanaHomePage/athletics//GhanaHomePage/athletics/Pre-Millennium-Marathon-set-for-Saturday-664346,1
87,Athletics,https://www.ghanaweb.com/GhanaHomePage/athletics//GhanaHomePage/athletics/Teams-Arrive-in-Cape-Coast-for-ECOWAS-U-20-Athletics-Championships-662228,1
88,Athletics,https://www.ghanaweb.com/GhanaHomePage/athletics//GhanaHomePage/athletics/Hor-Halutie-to-lead-Ghana-at-ECOWAS-U-20-Athletics-Championships-660675,1
89,Athletics,https://www.ghanaweb.com/GhanaHomePage/athletics//GhanaHomePage/athletics/Ametorwotsi-wins-three-gold-medals-in-Special-Olympics-Games-658919,1
90,Athletics,https://www.ghanaweb.com/GhanaHomePage/athletics//GhanaHomePage/athletics/Gadayi-wins-Cape-Coast-GNPC-Ghana-Fastest-655611,1
91,Athletics,https://www.ghanaweb.com/GhanaHomePage/athletics//GhanaHomePage/athletics/Cape-Coast-ready-for-GNPC-Ghana-s-Fastest-Human-654577,1
92,Athletics,https://www.ghanaweb.com/GhanaHomePage/athletics//GhanaHomePage/athletics/Tamale-ready-for-Ghana-Fastest-Human-645680,1
93,Athletics,https://www.ghanaweb.com/GhanaHomePage/athletics//GhanaHomePage/athletics/I-m-proud-of-myself-Hor-Halutie-642515,1
94,Athletics,https://www.ghanaweb.com/GhanaHomePage/athletics//GhanaHomePage/athletics/Kwahu-Easter-Marathon-would-be-an-international-event-Obomenghene-636781,1
95,Athletics,https://www.ghanaweb.com/GhanaHomePage/athletics//GhanaHomePage/athletics/Compete-fairly-Ghana-s-High-Commissioner-to-Australia-to-Athletes-635818,1
0,Editorial News,https://www.ghanaweb.com/GhanaHomePage/editorial//GhanaHomePage/NewsArchive/NPP-internal-elections-Affiliations-to-the-popular-039-Brand-Bawumia-039-proving-a-shrewd-campaign-tactic-for-rivals-1546979,1
1,Editorial News,https://www.ghanaweb.com/GhanaHomePage/editorial//GhanaHomePage/NewsArchive/NPP-polls-9-Ashanti-candidates-demand-full-scale-audit-of-album-ahead-of-upcoming-regional-elections-1546232,1
2,Editorial News,https://www.ghanaweb.com/GhanaHomePage/editorial//GhanaHomePage/NewsArchive/NPP-needs-organizational-strategies-to-break-the-eight-Adu-Adjei-1543193,1
3,Editorial News,https://www.ghanaweb.com/GhanaHomePage/editorial//GhanaHomePage/NewsArchive/Nkoranza-chaos-Police-identified-deceased-suspect-through-laptop-left-at-robbery-scene-1542446,1
4,Editorial News,https://www.ghanaweb.com/GhanaHomePage/editorial//GhanaHomePage/NewsArchive/May-15-The-day-June-4-was-born-1539770,1
5,Editorial News,https://www.ghanaweb.com/GhanaHomePage/editorial//GhanaHomePage/NewsArchive/MoH-initiates-task-for-quality-production-effective-data-in-supply-chain-Mgmt-1530218,1
0,Health News,https://www.ghanaweb.com/GhanaHomePage/health//GhanaHomePage/health/Ghana-asks-for-WHO-support-to-curb-probable-monkeypox-outbreak-1556030,1
1,Health News,https://www.ghanaweb.com/GhanaHomePage/health//GhanaHomePage/health/High-intake-of-sugary-drinks-by-children-worrying-FDA-1555520,1
2,Health News,https://www.ghanaweb.com/GhanaHomePage/health//GhanaHomePage/health/Plastics-not-designed-to-hold-hot-foods-stop-practice-FDA-cautions-1555517,1
3,Health News,https://www.ghanaweb.com/GhanaHomePage/health//GhanaHomePage/health/Adolescent-girls-advised-against-taking-drugs-to-reduce-menstrual-pain-1555442,1
4,Health News,https://www.ghanaweb.com/GhanaHomePage/health//GhanaHomePage/health/COVID-19-Ghana-records-26-active-cases-from-June-3-1555352,1
5,Health News,https://www.ghanaweb.com/GhanaHomePage/health//GhanaHomePage/health/GMA-urges-government-to-intensify-vaccination-exercise-as-coronavirus-cases-rise-again-1555043,1
6,Health News,https://www.ghanaweb.com/GhanaHomePage/health//GhanaHomePage/health/Reusable-sanitary-pads-are-hygienic-safe-reliable-and-healthier-than-single-use-pads-Medical-Practitioner-1555019,1
7,Health News,https://www.ghanaweb.com/GhanaHomePage/health//GhanaHomePage/health/Cosmetic-surgery-cannot-be-done-immediately-after-giving-birth-Plastic-Surgeon-1554980,1
8,Health News,https://www.ghanaweb.com/GhanaHomePage/health//GhanaHomePage/health/Minimise-Covid-19-infection-risks-Ghanaians-advised-1554836,1
9,Health News,https://www.ghanaweb.com/GhanaHomePage/health//GhanaHomePage/health/Exposure-to-mercury-can-cause-damage-to-immune-digestive-systems-Lands-Minister-1554620,1
10,Health News,https://www.ghanaweb.com/GhanaHomePage/health//GhanaHomePage/health/NHIA-is-blessed-to-have-Dr-Okoe-Boye-Former-President-Kufuor-1553093,1
11,Health News,https://www.ghanaweb.com/GhanaHomePage/health//GhanaHomePage/health/Nine-districts-in-Eastern-Region-record-cases-of-H3N2-1552967,1
12,Health News,https://www.ghanaweb.com/GhanaHomePage/health//GhanaHomePage/health/Nine-districts-in-Eastern-Region-record-cases-of-H3N2-1552667,1
13,Health News,https://www.ghanaweb.com/GhanaHomePage/health//GhanaHomePage/health/Ghana-administers-about-15-45-million-doses-of-coronavirus-vaccines-1552562,1
14,Health News,https://www.ghanaweb.com/GhanaHomePage/health//GhanaHomePage/health/Ghana-administers-about-15-45-million-doses-of-coronavirus-vaccines-1552559,1
15,Health News,https://www.ghanaweb.com/GhanaHomePage/health//GhanaHomePage/health/UPNMG-holds-training-workshop-for-unemployed-nurses-midwives-1552505,1
16,Health News,https://www.ghanaweb.com/GhanaHomePage/health//GhanaHomePage/health/Imaging-Centres-advised-to-engage-licensed-radiologists-1552226,1
17,Health News,https://www.ghanaweb.com/GhanaHomePage/health//GhanaHomePage/health/Sickle-Cell-Foundation-of-Ghana-appoints-Professor-S-Fiifi-Ofori-Acquah-as-president-1551806,1
18,Health News,https://www.ghanaweb.com/GhanaHomePage/health//GhanaHomePage/health/Professor-Ofori-Acquah-appointed-President-of-Sickle-Cell-Foundation-1551767,1
19,Health News,https://www.ghanaweb.com/GhanaHomePage/health//GhanaHomePage/health/The-re-emergence-of-monkeypox-Everything-you-need-to-now-about-the-rare-Virus-1551701,1
20,Health News,https://www.ghanaweb.com/GhanaHomePage/health//GhanaHomePage/health/Afrika-Nyornu-and-the-Ho-Sisters-sensitise-girls-on-Menstrual-Day-1551179,1
21,Health News,https://www.ghanaweb.com/GhanaHomePage/health//GhanaHomePage/health/Obtain-hygiene-permit-or-face-legal-actions-FDA-warns-food-vendors-1551023,1
22,Health News,https://www.ghanaweb.com/GhanaHomePage/health//GhanaHomePage/health/Together-we-can-win-the-fight-against-cancers-CEO-of-US-based-NGO-1550981,1
23,Health News,https://www.ghanaweb.com/GhanaHomePage/health//GhanaHomePage/health/Institute-sanitary-pads-banks-in-schools-work-places-NYWE-proposes-1550747,1
24,Health News,https://www.ghanaweb.com/GhanaHomePage/health//GhanaHomePage/health/1WF-impact-scores-on-menstrual-hygiene-1550690,1
25,Health News,https://www.ghanaweb.com/GhanaHomePage/health//GhanaHomePage/health/Ghana-s-Food-and-Drugs-Authority-hints-placing-ban-on-all-tobacco-products-1550588,1
26,Health News,https://www.ghanaweb.com/GhanaHomePage/health//GhanaHomePage/health/People-who-inhale-tobacco-smoke-are-most-affected-Internal-Medicine-Resident-1550081,1
27,Health News,https://www.ghanaweb.com/GhanaHomePage/health//GhanaHomePage/health/Ketu-North-women-receive-free-cervical-cancer-testing-treatment-1550030,1
28,Health News,https://www.ghanaweb.com/GhanaHomePage/health//GhanaHomePage/health/St-Theresa-s-Hospital-in-Nandom-commemorates-newborn-jaundice-week-celebrations-1550000,1
29,Health News,https://www.ghanaweb.com/GhanaHomePage/health//GhanaHomePage/health/Ghana-had-best-strategies-in-dealing-with-COVID-19-Prof-Gyapong-1549871,1
30,Health News,https://www.ghanaweb.com/GhanaHomePage/health//GhanaHomePage/health/No-case-of-Monkeypox-in-Central-Region-GHS-1549763,1
31,Health News,https://www.ghanaweb.com/GhanaHomePage/health//GhanaHomePage/health/Towel-is-nutritious-but-don-t-abuse-it-Nutritionist-1549538,1
32,Health News,https://www.ghanaweb.com/GhanaHomePage/health//GhanaHomePage/health/Good-menstrual-hygiene-management-empowers-adolescent-girls-1549526,1
33,Health News,https://www.ghanaweb.com/GhanaHomePage/health//GhanaHomePage/health/Government-urged-to-integrate-Tobacco-Harm-Reduction-as-part-public-health-interventions-1549211,1
34,Health News,https://www.ghanaweb.com/GhanaHomePage/health//GhanaHomePage/health/Declassify-menstrual-products-as-luxury-products-to-make-it-affordable-PPAG-to-government-1549073,1
35,Health News,https://www.ghanaweb.com/GhanaHomePage/health//GhanaHomePage/health/Ghana-Health-Service-Director-wants-non-performing-nursing-trainees-sacked-1548986,1
36,Health News,https://www.ghanaweb.com/GhanaHomePage/health//GhanaHomePage/health/Fix-healthcare-system-to-retain-nurses-in-Ghana-GRNMA-1548548,1
37,Health News,https://www.ghanaweb.com/GhanaHomePage/health//GhanaHomePage/health/We-are-committed-to-ensuring-wider-coverage-of-COVID-19-vaccinations-GHS-1548515,1
38,Health News,https://www.ghanaweb.com/GhanaHomePage/health//GhanaHomePage/health/Public-cautioned-against-Monkeypox-virus-1548452,1
39,Health News,https://www.ghanaweb.com/GhanaHomePage/health//GhanaHomePage/health/Could-You-appeals-to-government-to-scarp-taxes-on-sanitary-pads-1548359,1
40,Health News,https://www.ghanaweb.com/GhanaHomePage/health//GhanaHomePage/health/Menstrual-Hygiene-Day-Reusable-pads-unsafe-avoid-them-Health-advocate-warns-1548053,1
41,Health News,https://www.ghanaweb.com/GhanaHomePage/health//GhanaHomePage/health/COA-Mixture-can-be-prescribed-in-health-facilities-Health-Minister-1547825,1
42,Health News,https://www.ghanaweb.com/GhanaHomePage/health//GhanaHomePage/health/FACTSHEET-FDA-announces-findings-following-a-COVID-19-vaccine-safety-review-1547726,1
43,Health News,https://www.ghanaweb.com/GhanaHomePage/health//GhanaHomePage/health/FACT-CHECK-Ghana-has-NOT-recorded-a-case-of-Monkeypox-1547714,1
44,Health News,https://www.ghanaweb.com/GhanaHomePage/health//GhanaHomePage/health/Pregnant-women-at-Nkyenkyemen-carry-water-to-delivery-room-1547558,1
45,Health News,https://www.ghanaweb.com/GhanaHomePage/health//GhanaHomePage/health/Monkeypox-outbreak-2022-and-what-you-need-to-know-1547303,1
46,Health News,https://www.ghanaweb.com/GhanaHomePage/health//GhanaHomePage/health/We-did-not-shut-down-Kaneshie-polyclinic-is-operating-Management-1547264,1
47,Health News,https://www.ghanaweb.com/GhanaHomePage/health//GhanaHomePage/health/Poliovirus-detected-in-two-districts-in-the-North-Region-Ghana-Health-Service-1547027,1
48,Health News,https://www.ghanaweb.com/GhanaHomePage/health//GhanaHomePage/health/Female-Genital-Mutilation-Bane-to-achieving-SDG-three-five-1546955,1
49,Health News,https://www.ghanaweb.com/GhanaHomePage/health//GhanaHomePage/health/UPNMG-presents-oxygen-cylinder-carriers-to-Peki-Government-Hospital-1546766,1
50,Health News,https://www.ghanaweb.com/GhanaHomePage/health//GhanaHomePage/health/Pregnant-women-contracting-HIV-rising-in-Ada-HIV-Coordinator-1546736,1
51,Health News,https://www.ghanaweb.com/GhanaHomePage/health//GhanaHomePage/health/Maternal-mortality-through-unsafe-abortion-injustice-to-women-Dr-Tinkorang-1546679,1
52,Health News,https://www.ghanaweb.com/GhanaHomePage/health//GhanaHomePage/health/Kaneshie-Polyclinic-back-to-work-after-brief-closure-following-floods-1546046,1
53,Health News,https://www.ghanaweb.com/GhanaHomePage/health//GhanaHomePage/health/Poliovirus-found-in-drains-in-Tamale-1545788,1
54,Health News,https://www.ghanaweb.com/GhanaHomePage/health//GhanaHomePage/health/No-monkeypox-detected-in-Western-Region-Ghana-Health-Service-1545713,1
55,Health News,https://www.ghanaweb.com/GhanaHomePage/health//GhanaHomePage/health/Re-Herbal-medicines-pose-dangers-to-public-Health-experts-caution-1545137,1
56,Health News,https://www.ghanaweb.com/GhanaHomePage/health//GhanaHomePage/health/GHS-confirms-outbreak-of-Hanz-virus-in-Ghana-1544879,1
57,Health News,https://www.ghanaweb.com/GhanaHomePage/health//GhanaHomePage/health/Ga-East-MCE-calls-for-more-support-to-deal-with-spread-of-malaria-1544579,1
58,Health News,https://www.ghanaweb.com/GhanaHomePage/health//GhanaHomePage/health/Get-tested-for-Cervical-Cancer-if-sexually-active-Physicians-to-women-1544525,1
59,Health News,https://www.ghanaweb.com/GhanaHomePage/health//GhanaHomePage/health/WHO-confirms-80-cases-of-monkeypox-with-outbreaks-in-11-countries-1544492,1
60,Health News,https://www.ghanaweb.com/GhanaHomePage/health//GhanaHomePage/health/FDA-must-critically-check-potency-composition-of-anti-malaris-herbal-preparation-Prof-Boampong-1544486,1
61,Health News,https://www.ghanaweb.com/GhanaHomePage/health//GhanaHomePage/health/A-R-Otumfuo-pays-medical-bills-for-30-women-in-detention-at-KATH-1544036,1
62,Health News,https://www.ghanaweb.com/GhanaHomePage/health//GhanaHomePage/health/These-5-refreshing-low-sugar-pregnancy-mocktails-are-the-best-thing-to-cool-you-down-1543751,1
63,Health News,https://www.ghanaweb.com/GhanaHomePage/health//GhanaHomePage/health/Lassa-Fever-Outbreak-GHS-directs-health-facilities-to-test-suspected-cases-1543730,1
64,Health News,https://www.ghanaweb.com/GhanaHomePage/health//GhanaHomePage/health/Ridge-Church-Women-s-Fellowship-gives-to-Accra-Psychiatric-Hospital-1543508,1
65,Health News,https://www.ghanaweb.com/GhanaHomePage/health//GhanaHomePage/health/NHIA-must-make-room-for-private-health-insurance-Dan-Armooh-1543472,1
66,Health News,https://www.ghanaweb.com/GhanaHomePage/health//GhanaHomePage/health/Agenda-111-Kpone-not-part-of-beneficiary-districts-MCE-clarifies-1543199,1
67,Health News,https://www.ghanaweb.com/GhanaHomePage/health//GhanaHomePage/health/Food-Safety-Accra-on-a-time-bomb-Douglas-Tagoe-1542974,1
68,Health News,https://www.ghanaweb.com/GhanaHomePage/health//GhanaHomePage/health/Global-smokers-exceed-1-1-billion-substance-remains-a-global-epidermic-1542557,1
69,Health News,https://www.ghanaweb.com/GhanaHomePage/health//GhanaHomePage/health/Ashanti-Region-recorded-121-000-hypertension-cases-in-2021-1542464,1
70,Health News,https://www.ghanaweb.com/GhanaHomePage/health//GhanaHomePage/health/There-s-no-good-reason-to-start-drinking-alcohol-it-has-no-health-benefits-Dr-Osafo-1542374,1
71,Health News,https://www.ghanaweb.com/GhanaHomePage/health//GhanaHomePage/health/The-first-two-years-of-a-child-are-very-critical-Paediatrician-1542200,1
72,Health News,https://www.ghanaweb.com/GhanaHomePage/health//GhanaHomePage/health/Ghana-urged-to-lay-foundation-for-sustained-NTDs-elimination-1541843,1
73,Health News,https://www.ghanaweb.com/GhanaHomePage/health//GhanaHomePage/health/Career-women-at-70-percent-risk-of-developing-breast-cancer-than-housewives-Medic-1541783,1
74,Health News,https://www.ghanaweb.com/GhanaHomePage/health//GhanaHomePage/health/Hypertension-Day-Men-cautioned-to-take-medication-disregard-impotency-myths-1540964,1
75,Health News,https://www.ghanaweb.com/GhanaHomePage/health//GhanaHomePage/health/Institutions-urged-to-invest-in-automated-external-defibrillators-1540952,1
76,Health News,https://www.ghanaweb.com/GhanaHomePage/health//GhanaHomePage/health/Mental-illness-is-leading-cause-of-disability-in-Ghana-Lecturer-1540637,1
77,Health News,https://www.ghanaweb.com/GhanaHomePage/health//GhanaHomePage/health/Public-told-to-report-stroke-cases-early-to-save-patients-1540520,1
78,Health News,https://www.ghanaweb.com/GhanaHomePage/health//GhanaHomePage/health/First-point-of-call-for-eye-problem-not-the-pharmacy-Dr-Adams-1540043,1
79,Health News,https://www.ghanaweb.com/GhanaHomePage/health//GhanaHomePage/health/Thirty-five-per-cent-of-cancer-in-women-can-be-prevented-with-diet-Dr-Rohit-1539887,1
80,Health News,https://www.ghanaweb.com/GhanaHomePage/health//GhanaHomePage/health/Healthcare-made-easy-with-Dokpam-Technology-1539815,1
81,Health News,https://www.ghanaweb.com/GhanaHomePage/health//GhanaHomePage/health/Our-members-have-the-right-to-practice-aboard-President-of-Ghana-Registered-Nurses-and-Midwives-Association-1539704,1
82,Health News,https://www.ghanaweb.com/GhanaHomePage/health//GhanaHomePage/health/Dr-Okoe-Boye-advocates-for-efficiency-in-vetting-and-processing-regime-of-NHIS-claims-1539521,1
83,Health News,https://www.ghanaweb.com/GhanaHomePage/health//GhanaHomePage/health/7-year-old-with-blood-cancer-begs-for-help-1539392,1
84,Health News,https://www.ghanaweb.com/GhanaHomePage/health//GhanaHomePage/health/Put-stringent-measures-to-address-disease-outbreak-in-West-Africa-Prof-Okolo-1539275,1
85,Health News,https://www.ghanaweb.com/GhanaHomePage/health//GhanaHomePage/health/FDA-intensifies-surveillance-on-eateries-to-ensure-proper-food-hygiene-1539206,1
86,Health News,https://www.ghanaweb.com/GhanaHomePage/health//GhanaHomePage/health/Premature-babies-at-higher-risk-of-developing-eye-problems-Optometric-Association-1538975,1
87,Health News,https://www.ghanaweb.com/GhanaHomePage/health//GhanaHomePage/health/Self-medication-during-pregnancy-cause-of-hole-in-heart-in-kids-Heart-Surgeon-1538822,1
88,Health News,https://www.ghanaweb.com/GhanaHomePage/health//GhanaHomePage/health/Breast-Care-International-welcomes-discovery-of-new-technology-to-treat-cancers-1538675,1
89,Health News,https://www.ghanaweb.com/GhanaHomePage/health//GhanaHomePage/health/Women-advised-to-stop-bleaching-their-unborn-babies-1538672,1
90,Health News,https://www.ghanaweb.com/GhanaHomePage/health//GhanaHomePage/health/COVID-19-Let-s-guard-against-complacency-Agyeman-Manu-to-African-Health-Ministers-1538498,1
91,Health News,https://www.ghanaweb.com/GhanaHomePage/health//GhanaHomePage/health/ECOWAS-Health-Ministers-converge-in-Accra-to-strategize-against-future-pandemics-1538114,1
92,Health News,https://www.ghanaweb.com/GhanaHomePage/health//GhanaHomePage/health/Stay-and-develop-the-health-sector-Gov-t-pleads-with-nurses-following-brain-drain-concerns-1538099,1
93,Health News,https://www.ghanaweb.com/GhanaHomePage/health//GhanaHomePage/health/GHS-Council-to-address-sector-challenges-1538012,1
94,Health News,https://www.ghanaweb.com/GhanaHomePage/health//GhanaHomePage/health/TMA-intensifies-education-on-food-safety-1537943,1
95,Health News,https://www.ghanaweb.com/GhanaHomePage/health//GhanaHomePage/health/International-Nurses-Day-Ghana-experiencing-brain-drain-of-nurses-1537841,1
0,Lifestyle,https://www.ghanaweb.com/GhanaHomePage/lifestyle//GhanaHomePage/entertainment/Defiled-women-have-trust-issues-Human-Rights-Activist-1554341,1
1,Lifestyle,https://www.ghanaweb.com/GhanaHomePage/lifestyle//GhanaHomePage/entertainment/Train-girls-to-place-value-on-their-bodies-Parents-charged-1554320,1
2,Lifestyle,https://www.ghanaweb.com/GhanaHomePage/lifestyle//GhanaHomePage/entertainment/Don-t-take-care-of-her-after-marriage-if-bride-price-list-is-too-much-Men-advised-1552994,1
3,Lifestyle,https://www.ghanaweb.com/GhanaHomePage/lifestyle//GhanaHomePage/entertainment/Nigerian-woman-s-body-kept-in-hospital-days-after-death-from-butt-lift-surgery-1551572,1
4,Lifestyle,https://www.ghanaweb.com/GhanaHomePage/lifestyle//GhanaHomePage/entertainment/5-ladies-fashion-essentials-that-never-go-out-of-style-1551005,1
5,Lifestyle,https://www.ghanaweb.com/GhanaHomePage/lifestyle//GhanaHomePage/entertainment/Dear-GhanaWeb-My-wife-is-making-life-unbearable-for-me-1549130,1
6,Lifestyle,https://www.ghanaweb.com/GhanaHomePage/lifestyle//GhanaHomePage/entertainment/Being-committed-in-church-does-not-mean-you-ll-be-a-good-spouse-Pastor-asserts-1548818,1
7,Lifestyle,https://www.ghanaweb.com/GhanaHomePage/lifestyle//GhanaHomePage/entertainment/The-best-way-to-handle-a-stubborn-man-1548542,1
8,Lifestyle,https://www.ghanaweb.com/GhanaHomePage/lifestyle//GhanaHomePage/entertainment/Midnight-kisses-are-good-for-bonding-in-a-relationship-Sex-coach-1548482,1
9,Lifestyle,https://www.ghanaweb.com/GhanaHomePage/lifestyle//GhanaHomePage/entertainment/Dear-GhanaWeb-My-girlfriend-wants-me-to-remove-all-my-ex-wife-s-pictures-from-the-house-1547537,1
10,Lifestyle,https://www.ghanaweb.com/GhanaHomePage/lifestyle//GhanaHomePage/entertainment/8-tips-on-making-an-amazing-first-date-impression-1546751,1
11,Lifestyle,https://www.ghanaweb.com/GhanaHomePage/lifestyle//GhanaHomePage/entertainment/Most-abusers-are-narcissistic-Lady-opines-1546343,1
12,Lifestyle,https://www.ghanaweb.com/GhanaHomePage/lifestyle//GhanaHomePage/entertainment/Supplier-buyer-relationship-an-essential-for-successful-entrepreneurship-Gwyneth-Gyimah-Addo-1546328,1
13,Lifestyle,https://www.ghanaweb.com/GhanaHomePage/lifestyle//GhanaHomePage/entertainment/Miss-Ghana-2019-to-launch-hygienic-woman-project-on-May-28-1545959,1
14,Lifestyle,https://www.ghanaweb.com/GhanaHomePage/lifestyle//GhanaHomePage/entertainment/FLASHBACK-Countryman-Songo-reveals-his-favourite-sex-position-1545932,1
15,Lifestyle,https://www.ghanaweb.com/GhanaHomePage/lifestyle//GhanaHomePage/entertainment/I-wouldn-t-hesitate-to-marry-a-Ghanaian-if-he-is-the-man-of-my-dreams-Anne-Sophie-Av-1545914,1
16,Lifestyle,https://www.ghanaweb.com/GhanaHomePage/lifestyle//GhanaHomePage/entertainment/Dear-GhanaWeb-My-best-friend-and-I-secretly-like-the-same-guy-1544480,1
17,Lifestyle,https://www.ghanaweb.com/GhanaHomePage/lifestyle//GhanaHomePage/entertainment/How-people-cheat-on-their-partners-without-knowing-1543910,1
18,Lifestyle,https://www.ghanaweb.com/GhanaHomePage/lifestyle//GhanaHomePage/entertainment/Dear-GhanaWeb-My-boyfriend-is-famous-and-I-m-scared-of-dealing-with-his-fans-1542764,1
19,Lifestyle,https://www.ghanaweb.com/GhanaHomePage/lifestyle//GhanaHomePage/entertainment/Why-Cheddar-keeps-two-tigers-at-home-1542755,1
20,Lifestyle,https://www.ghanaweb.com/GhanaHomePage/lifestyle//GhanaHomePage/entertainment/Dear-GhanaWeb-My-ex-is-threatening-to-ruin-my-marriage-1541468,1
21,Lifestyle,https://www.ghanaweb.com/GhanaHomePage/lifestyle//GhanaHomePage/entertainment/People-with-dreadlocks-are-holier-Quotation-Master-1541357,1
22,Lifestyle,https://www.ghanaweb.com/GhanaHomePage/lifestyle//GhanaHomePage/entertainment/Aphrodisiacs-basically-are-solutions-to-sexual-dysfunction-problems-Dr-Egan-1540727,1
23,Lifestyle,https://www.ghanaweb.com/GhanaHomePage/lifestyle//GhanaHomePage/entertainment/Drink-Spiking-How-to-notice-the-warning-signs-1540460,1
24,Lifestyle,https://www.ghanaweb.com/GhanaHomePage/lifestyle//GhanaHomePage/entertainment/Flavors-of-Africa-How-Accra-s-Food-and-Drinks-Festival-took-guests-on-a-culinary-journey-1539755,1
25,Lifestyle,https://www.ghanaweb.com/GhanaHomePage/lifestyle//GhanaHomePage/entertainment/100-houses-70-trucks-20-excavators-and-more-Wontumi-lists-his-wealth-1539452,1
26,Lifestyle,https://www.ghanaweb.com/GhanaHomePage/lifestyle//GhanaHomePage/entertainment/The-Mirage-Before-40-When-choosing-your-sin-or-good-consider-the-consequences-1537799,1
27,Lifestyle,https://www.ghanaweb.com/GhanaHomePage/lifestyle//GhanaHomePage/entertainment/Economic-hardship-can-breed-mistrust-in-love-relationships-marriages-Counselor-1537007,1
28,Lifestyle,https://www.ghanaweb.com/GhanaHomePage/lifestyle//GhanaHomePage/entertainment/Dear-GhanaWeb-My-wife-cheated-on-me-with-her-brother-s-friend-1536587,1
29,Lifestyle,https://www.ghanaweb.com/GhanaHomePage/lifestyle//GhanaHomePage/entertainment/Counsellor-discusses-roles-of-a-mother-to-her-children-1536578,1
30,Lifestyle,https://www.ghanaweb.com/GhanaHomePage/lifestyle//GhanaHomePage/entertainment/Women-with-fishy-smell-around-their-private-parts-is-a-turn-off-for-men-Grandpa-1535852,1
31,Lifestyle,https://www.ghanaweb.com/GhanaHomePage/lifestyle//GhanaHomePage/entertainment/Dear-GhanaWeb-The-guy-I-invested-in-is-getting-engaged-1535714,1
32,Lifestyle,https://www.ghanaweb.com/GhanaHomePage/lifestyle//GhanaHomePage/entertainment/How-to-identify-and-treat-bad-breath-Halitosis-1535588,1
33,Lifestyle,https://www.ghanaweb.com/GhanaHomePage/lifestyle//GhanaHomePage/entertainment/Having-sex-everyday-is-abnormal-Therapist-1535387,1
34,Lifestyle,https://www.ghanaweb.com/GhanaHomePage/lifestyle//GhanaHomePage/entertainment/Boys-have-sex-men-make-love-Dr-Eghan-1535366,1
35,Lifestyle,https://www.ghanaweb.com/GhanaHomePage/lifestyle//GhanaHomePage/entertainment/Women-are-God-in-their-own-rights-Counselor-asserts-1535255,1
36,Lifestyle,https://www.ghanaweb.com/GhanaHomePage/lifestyle//GhanaHomePage/entertainment/Childbirth-isn-t-benchmark-for-motherhood-Counselor-explains-1535231,1
37,Lifestyle,https://www.ghanaweb.com/GhanaHomePage/lifestyle//GhanaHomePage/entertainment/Many-people-in-Ghana-have-sex-just-to-release-stress-Therapist-1534613,1
38,Lifestyle,https://www.ghanaweb.com/GhanaHomePage/lifestyle//GhanaHomePage/entertainment/Dear-GhanaWeb-I-think-my-boyfriend-has-erectile-dysfunction-1534604,1
39,Lifestyle,https://www.ghanaweb.com/GhanaHomePage/lifestyle//GhanaHomePage/entertainment/5-types-of-Ghanaians-that-should-have-their-troski-cards-revoked-like-now-1534556,1
40,Lifestyle,https://www.ghanaweb.com/GhanaHomePage/lifestyle//GhanaHomePage/entertainment/Things-that-make-weddings-expensive-1534466,1
41,Lifestyle,https://www.ghanaweb.com/GhanaHomePage/lifestyle//GhanaHomePage/entertainment/Dear-GhanaWeb-my-fianc-s-daughter-is-a-big-problem-1533680,1
42,Lifestyle,https://www.ghanaweb.com/GhanaHomePage/lifestyle//GhanaHomePage/entertainment/Tobinco-jets-late-mum-s-mortal-remains-to-hometown-for-burial-1533371,1
43,Lifestyle,https://www.ghanaweb.com/GhanaHomePage/lifestyle//GhanaHomePage/entertainment/Golden-Empire-Legacy-CEO-Joana-Gyan-celebrates-birthday-with-stunning-photos-1532816,1
44,Lifestyle,https://www.ghanaweb.com/GhanaHomePage/lifestyle//GhanaHomePage/entertainment/5-home-remedies-to-firm-up-sagging-breasts-1531976,1
45,Lifestyle,https://www.ghanaweb.com/GhanaHomePage/lifestyle//GhanaHomePage/entertainment/Dear-GhanaWeb-I-have-an-angry-stalker-1531898,1
46,Lifestyle,https://www.ghanaweb.com/GhanaHomePage/lifestyle//GhanaHomePage/entertainment/How-to-make-sobolo-in-simple-steps-1531844,1
47,Lifestyle,https://www.ghanaweb.com/GhanaHomePage/lifestyle//GhanaHomePage/entertainment/3-tips-to-increase-the-female-libido-1531049,1
48,Lifestyle,https://www.ghanaweb.com/GhanaHomePage/lifestyle//GhanaHomePage/entertainment/Dear-GhanaWeb-My-ex-is-living-in-the-apartment-above-me-1530746,1
49,Lifestyle,https://www.ghanaweb.com/GhanaHomePage/lifestyle//GhanaHomePage/entertainment/Dear-GhanaWeb-My-mother-in-law-controls-my-husband-like-he-s-still-a-little-boy-1530737,1
50,Lifestyle,https://www.ghanaweb.com/GhanaHomePage/lifestyle//GhanaHomePage/entertainment/Stop-wasting-food-Dr-Stella-Duah-advises-Ghanaians-1529606,1
51,Lifestyle,https://www.ghanaweb.com/GhanaHomePage/lifestyle//GhanaHomePage/entertainment/You-can-file-for-divorce-if-your-partner-is-not-having-sex-with-you-Lawyer-1528415,1
52,Lifestyle,https://www.ghanaweb.com/GhanaHomePage/lifestyle//GhanaHomePage/entertainment/3-essential-forms-of-support-a-man-needs-from-his-woman-1528043,1
53,Lifestyle,https://www.ghanaweb.com/GhanaHomePage/lifestyle//GhanaHomePage/entertainment/Why-some-women-have-low-sex-drive-1527626,1
54,Lifestyle,https://www.ghanaweb.com/GhanaHomePage/lifestyle//GhanaHomePage/entertainment/Only-under-one-minute-men-hate-foreplay-Actor-1527386,1
55,Lifestyle,https://www.ghanaweb.com/GhanaHomePage/lifestyle//GhanaHomePage/entertainment/Society-shouldn-t-impose-standards-on-ladies-Businesswoman-1526687,1
56,Lifestyle,https://www.ghanaweb.com/GhanaHomePage/lifestyle//GhanaHomePage/entertainment/Being-a-woman-does-not-make-you-a-lady-Women-told-1526666,1
57,Lifestyle,https://www.ghanaweb.com/GhanaHomePage/lifestyle//GhanaHomePage/entertainment/Women-are-physically-and-spiritually-stronger-than-men-Quotation-Master-1525088,1
58,Lifestyle,https://www.ghanaweb.com/GhanaHomePage/lifestyle//GhanaHomePage/entertainment/God-does-not-hate-divorce-1522616,1
59,Lifestyle,https://www.ghanaweb.com/GhanaHomePage/lifestyle//GhanaHomePage/entertainment/Lying-to-your-partner-cannot-hide-the-truth-1522613,1
60,Lifestyle,https://www.ghanaweb.com/GhanaHomePage/lifestyle//GhanaHomePage/entertainment/4-ways-to-kiss-a-guy-and-experience-the-joy-of-real-love-1522610,1
61,Lifestyle,https://www.ghanaweb.com/GhanaHomePage/lifestyle//GhanaHomePage/entertainment/3-easy-three-ingredient-cocktails-you-should-know-how-to-make-1522211,1
62,Lifestyle,https://www.ghanaweb.com/GhanaHomePage/lifestyle//GhanaHomePage/entertainment/My-father-in-law-called-me-Gonzales-to-deter-my-wife-from-marrying-me-Rev-Eastwood-1520402,1
63,Lifestyle,https://www.ghanaweb.com/GhanaHomePage/lifestyle//GhanaHomePage/entertainment/Beautiful-baby-bump-photos-that-blew-minds-off-1520336,1
64,Lifestyle,https://www.ghanaweb.com/GhanaHomePage/lifestyle//GhanaHomePage/entertainment/People-can-t-get-enough-of-this-couple-who-spent-just-500-on-wedding-1519928,1
65,Lifestyle,https://www.ghanaweb.com/GhanaHomePage/lifestyle//GhanaHomePage/entertainment/Five-body-language-tips-that-will-boost-your-confidence-1518254,1
66,Lifestyle,https://www.ghanaweb.com/GhanaHomePage/lifestyle//GhanaHomePage/entertainment/Five-types-of-people-you-will-find-at-a-Ghanaian-wedding-1518197,1
67,Lifestyle,https://www.ghanaweb.com/GhanaHomePage/lifestyle//GhanaHomePage/entertainment/Divorced-but-not-a-demon-1517960,1
68,Lifestyle,https://www.ghanaweb.com/GhanaHomePage/lifestyle//GhanaHomePage/entertainment/Married-women-must-endure-certain-things-from-men-for-peace-to-prevail-Counselor-1517498,1
69,Lifestyle,https://www.ghanaweb.com/GhanaHomePage/lifestyle//GhanaHomePage/entertainment/7-other-benefits-you-probably-didn-t-know-about-Castor-Oil-1516586,1
70,Lifestyle,https://www.ghanaweb.com/GhanaHomePage/lifestyle//GhanaHomePage/entertainment/5-types-of-people-you-are-likely-to-find-at-a-Ghanaian-wedding-1516019,1
71,Lifestyle,https://www.ghanaweb.com/GhanaHomePage/lifestyle//GhanaHomePage/entertainment/FLASHBACK-Lady-makes-love-to-a-man-she-mistook-for-fianc-1515674,1
72,Lifestyle,https://www.ghanaweb.com/GhanaHomePage/lifestyle//GhanaHomePage/entertainment/Intimacy-should-never-be-priority-in-a-fresh-relationship-Woman-advises-1515536,1
73,Lifestyle,https://www.ghanaweb.com/GhanaHomePage/lifestyle//GhanaHomePage/entertainment/Dear-GhanaWeb-My-boyfriend-made-me-sleep-with-his-friends-and-I-m-pregnant-1514894,1
74,Lifestyle,https://www.ghanaweb.com/GhanaHomePage/lifestyle//GhanaHomePage/entertainment/FLASHBACK-My-neighbour-s-wife-s-skimpy-clothes-are-tempting-1514780,1
75,Lifestyle,https://www.ghanaweb.com/GhanaHomePage/lifestyle//GhanaHomePage/entertainment/Prioritise-your-partner-s-bedroom-needs-Men-advised-1514654,1
76,Lifestyle,https://www.ghanaweb.com/GhanaHomePage/lifestyle//GhanaHomePage/entertainment/Women-are-their-own-enemies-Gloria-Dede-1514639,1
77,Lifestyle,https://www.ghanaweb.com/GhanaHomePage/lifestyle//GhanaHomePage/entertainment/Masturbation-helps-shape-relationships-and-marriages-Grandpa-1514630,1
78,Lifestyle,https://www.ghanaweb.com/GhanaHomePage/lifestyle//GhanaHomePage/entertainment/Avoid-marriages-with-strings-attached-Counselor-1514204,1
79,Lifestyle,https://www.ghanaweb.com/GhanaHomePage/lifestyle//GhanaHomePage/entertainment/Dear-GhanaWeb-My-friend-with-benefits-dumped-me-in-the-ugliest-way-possible-1514006,1
80,Lifestyle,https://www.ghanaweb.com/GhanaHomePage/lifestyle//GhanaHomePage/entertainment/Dear-GhanaWeb-My-husband-slept-with-my-sister-1513043,1
81,Lifestyle,https://www.ghanaweb.com/GhanaHomePage/lifestyle//GhanaHomePage/entertainment/Here-are-some-tips-to-consider-spicing-up-your-sex-life-1512233,1
82,Lifestyle,https://www.ghanaweb.com/GhanaHomePage/lifestyle//GhanaHomePage/entertainment/Everyone-must-learn-how-to-massage-Masseur-1511639,1
83,Lifestyle,https://www.ghanaweb.com/GhanaHomePage/lifestyle//GhanaHomePage/entertainment/Dear-GhanaWeb-My-fianc-is-too-attached-to-his-mum-1511216,1
84,Lifestyle,https://www.ghanaweb.com/GhanaHomePage/lifestyle//GhanaHomePage/entertainment/These-10-celebrities-broke-the-internet-with-their-fashion-styles-1511147,1
85,Lifestyle,https://www.ghanaweb.com/GhanaHomePage/lifestyle//GhanaHomePage/entertainment/Dear-GhanaWeb-I-caught-my-boyfriend-in-bed-with-another-woman-1510094,1
86,Lifestyle,https://www.ghanaweb.com/GhanaHomePage/lifestyle//GhanaHomePage/entertainment/How-Odartey-Lamptey-s-mum-warned-him-not-to-marry-Gloria-Appiah-Report-1508480,1
87,Lifestyle,https://www.ghanaweb.com/GhanaHomePage/lifestyle//GhanaHomePage/entertainment/Dear-GhanaWeb-I-am-scared-my-husband-is-dating-my-bestfriend-1508030,1
88,Lifestyle,https://www.ghanaweb.com/GhanaHomePage/lifestyle//GhanaHomePage/entertainment/5-reasons-eye-contact-is-important-during-sex-1507244,1
89,Lifestyle,https://www.ghanaweb.com/GhanaHomePage/lifestyle//GhanaHomePage/entertainment/Dear-GhanaWeb-I-left-my-night-club-job-for-my-wife-and-she-treats-me-badly-1507037,1
90,Lifestyle,https://www.ghanaweb.com/GhanaHomePage/lifestyle//GhanaHomePage/entertainment/White-lady-who-speaks-Ga-fluently-not-happy-with-how-people-defecate-openly-at-the-beaches-1506590,1
91,Lifestyle,https://www.ghanaweb.com/GhanaHomePage/lifestyle//GhanaHomePage/entertainment/5-body-language-tips-that-will-boost-your-confidence-1506401,1
92,Lifestyle,https://www.ghanaweb.com/GhanaHomePage/lifestyle//GhanaHomePage/entertainment/Who-has-the-legal-right-when-it-comes-to-naming-babies-Mother-father-or-both-1506371,1
93,Lifestyle,https://www.ghanaweb.com/GhanaHomePage/lifestyle//GhanaHomePage/entertainment/Slow-Weekend-Here-are-5-things-to-do-from-the-comfort-of-your-bed-1505990,1
94,Lifestyle,https://www.ghanaweb.com/GhanaHomePage/lifestyle//GhanaHomePage/entertainment/Dear-GhanaWeb-My-wife-is-dating-a-guy-in-her-gym-1505060,1
95,Lifestyle,https://www.ghanaweb.com/GhanaHomePage/lifestyle//GhanaHomePage/entertainment/Dear-GhanaWeb-I-pretend-to-make-my-husband-feel-good-1504205,1
0,Regional News,https://www.ghanaweb.com/GhanaHomePage/regional//GhanaHomePage/regional/Lands-Commission-must-be-efficient-and-our-laws-must-bite-enough-to-stop-land-litigations-NAMAL-Real-Estate-CEO-1556075,1
1,Regional News,https://www.ghanaweb.com/GhanaHomePage/regional//GhanaHomePage/regional/Terrorism-Threat-ECOWAS-leaders-urged-to-collaborate-to-sustain-trade-1556033,1
2,Regional News,https://www.ghanaweb.com/GhanaHomePage/regional//GhanaHomePage/regional/2022-Fetu-Afahye-launched-1556006,1
3,Regional News,https://www.ghanaweb.com/GhanaHomePage/regional//GhanaHomePage/regional/Opinion-leaders-advised-to-put-the-Law-above-cultural-opinions-1555991,1
4,Regional News,https://www.ghanaweb.com/GhanaHomePage/regional//GhanaHomePage/regional/Let-s-take-advantage-of-opportunities-from-COVID-19-to-advance-education-Prof-Sakyi-Baidoo-1555961,1
5,Regional News,https://www.ghanaweb.com/GhanaHomePage/regional//GhanaHomePage/regional/Ghana-Hajj-Board-announces-2022-Hajj-fare-1555949,1
6,Regional News,https://www.ghanaweb.com/GhanaHomePage/regional//GhanaHomePage/regional/Shukura-Clash-Two-discharged-from-hospital-1555424,1
7,Regional News,https://www.ghanaweb.com/GhanaHomePage/regional//GhanaHomePage/regional/Small-scale-miners-urged-to-make-PPE-use-mandatory-1555415,1
8,Regional News,https://www.ghanaweb.com/GhanaHomePage/regional//GhanaHomePage/regional/Supreme-Court-dismisses-ENI-Vitol-application-to-quash-30-per-cent-payment-order-1555412,1
9,Regional News,https://www.ghanaweb.com/GhanaHomePage/regional//GhanaHomePage/regional/TTU-Council-Chair-outdoors-vision-commits-his-allowances-to-scholarship-scheme-1555310,1
10,Regional News,https://www.ghanaweb.com/GhanaHomePage/regional//GhanaHomePage/regional/Chief-implores-Police-Administration-to-conduct-background-checks-of-recruits-1555265,1
11,Regional News,https://www.ghanaweb.com/GhanaHomePage/regional//GhanaHomePage/regional/Heavy-fighting-erupts-in-Bawku-as-tribes-clash-1555076,1
12,Regional News,https://www.ghanaweb.com/GhanaHomePage/regional//GhanaHomePage/regional/Police-announce-restoration-of-normal-traffic-flow-on-Spintex-road-1555001,1
13,Regional News,https://www.ghanaweb.com/GhanaHomePage/regional//GhanaHomePage/regional/Tension-as-Akyem-Engresi-Chief-bans-Krobos-from-burying-dead-relatives-1554938,1
14,Regional News,https://www.ghanaweb.com/GhanaHomePage/regional//GhanaHomePage/regional/Don-t-be-shy-during-menstruation-Razak-Nkrumah-1554695,1
15,Regional News,https://www.ghanaweb.com/GhanaHomePage/regional//GhanaHomePage/regional/Lands-Commission-engages-Pentecost-Church-of-Ghana-on-land-acquisition-and-the-land-act-1554650,1
16,Regional News,https://www.ghanaweb.com/GhanaHomePage/regional//GhanaHomePage/regional/Rotary-Clubs-to-end-open-defecation-in-25-communities-1554638,1
17,Regional News,https://www.ghanaweb.com/GhanaHomePage/regional//GhanaHomePage/regional/Galamsey-knows-no-boundaries-GRIDCO-Boss-1554614,1
18,Regional News,https://www.ghanaweb.com/GhanaHomePage/regional//GhanaHomePage/regional/Eyes-on-the-Ground-Commuters-endure-hours-of-traffic-on-Kasoa-road-after-Sunday-downpour-1554575,1
19,Regional News,https://www.ghanaweb.com/GhanaHomePage/regional//GhanaHomePage/regional/ECG-cuts-power-to-Wontumi-Radio-TV-over-power-theft-1554554,1
20,Regional News,https://www.ghanaweb.com/GhanaHomePage/regional//GhanaHomePage/regional/Arrest-Wa-Chief-for-aiding-and-abetting-flogging-Maurice-Ampaw-1554518,1
21,Regional News,https://www.ghanaweb.com/GhanaHomePage/regional//GhanaHomePage/regional/Miremano-pupils-study-in-dilapidated-structures-as-GETFUND-project-stalls-1554515,1
22,Regional News,https://www.ghanaweb.com/GhanaHomePage/regional//GhanaHomePage/regional/World-Environment-Day-marked-in-Obuasi-with-a-clean-up-exercise-1554503,1
23,Regional News,https://www.ghanaweb.com/GhanaHomePage/regional//GhanaHomePage/regional/We-don-t-owe-any-service-personnel-NSS-1554482,1
24,Regional News,https://www.ghanaweb.com/GhanaHomePage/regional//GhanaHomePage/regional/MMDAs-call-for-allocation-of-E-Levy-for-development-1554455,1
25,Regional News,https://www.ghanaweb.com/GhanaHomePage/regional//GhanaHomePage/regional/Former-NDC-member-campaigns-for-high-NPP-office-1554401,1
26,Regional News,https://www.ghanaweb.com/GhanaHomePage/regional//GhanaHomePage/regional/Eight-firefighters-injured-in-road-crash-1554395,1
27,Regional News,https://www.ghanaweb.com/GhanaHomePage/regional//GhanaHomePage/regional/Teacher-who-was-found-dead-along-river-laid-to-rest-in-Kete-Krachi-1554392,1
28,Regional News,https://www.ghanaweb.com/GhanaHomePage/regional//GhanaHomePage/regional/Mayor-Sackey-engages-street-sweepers-assures-of-improved-conditions-of-service-1554311,1
29,Regional News,https://www.ghanaweb.com/GhanaHomePage/regional//GhanaHomePage/regional/Open-defecation-rife-in-Dominase-Onion-Market-and-surroundings-1554269,1
30,Regional News,https://www.ghanaweb.com/GhanaHomePage/regional//GhanaHomePage/regional/Onion-sellers-chastise-government-over-unfavorable-working-conditions-at-Adjen-Kotoku-1554173,1
31,Regional News,https://www.ghanaweb.com/GhanaHomePage/regional//GhanaHomePage/regional/Kojo-Bonsu-pays-courtesy-call-on-Paramount-Chief-of-Abeadze-Traditional-Area-1554155,1
32,Regional News,https://www.ghanaweb.com/GhanaHomePage/regional//GhanaHomePage/regional/MMDAs-encouraged-to-be-more-development-oriented-1554080,1
33,Regional News,https://www.ghanaweb.com/GhanaHomePage/regional//GhanaHomePage/regional/Pay-attention-to-fire-safety-tips-to-prevent-accidental-fires-GNFS-1554074,1
34,Regional News,https://www.ghanaweb.com/GhanaHomePage/regional//GhanaHomePage/regional/We-cannot-allow-a-few-greedy-and-selfish-illegal-miners-to-destroy-our-water-bodies-Asantehene-1554026,1
35,Regional News,https://www.ghanaweb.com/GhanaHomePage/regional//GhanaHomePage/regional/Complete-all-abandoned-projects-Nsuta-residents-appeal-to-government-1554002,1
36,Regional News,https://www.ghanaweb.com/GhanaHomePage/regional//GhanaHomePage/regional/14-in-critical-condition-as-passenger-car-somersaults-at-Ahodwo-1553987,1
37,Regional News,https://www.ghanaweb.com/GhanaHomePage/regional//GhanaHomePage/regional/Prince-Sadat-sweeps-Wisconsin-SRC-Awards-University-get-new-SRC-Executives-1553606,1
38,Regional News,https://www.ghanaweb.com/GhanaHomePage/regional//GhanaHomePage/regional/UEW-SRC-rescue-brillant-but-needy-students-1553594,1
39,Regional News,https://www.ghanaweb.com/GhanaHomePage/regional//GhanaHomePage/regional/Ghana-set-to-host-laureate-Tawakkol-Karman-for-PeaceJam-conference-1553501,1
40,Regional News,https://www.ghanaweb.com/GhanaHomePage/regional//GhanaHomePage/regional/Stop-Spreading-false-news-about-teachers-Former-TTAG-Coordinator-to-media-1553480,1
41,Regional News,https://www.ghanaweb.com/GhanaHomePage/regional//GhanaHomePage/regional/Yagbonwura-calls-for-collaborative-efforts-to-Green-Ghana-1553339,1
42,Regional News,https://www.ghanaweb.com/GhanaHomePage/regional//GhanaHomePage/regional/Central-University-SRC-outdoors-Me2U-campaign-to-support-students-tuition-fees-1553264,1
43,Regional News,https://www.ghanaweb.com/GhanaHomePage/regional//GhanaHomePage/regional/AMA-issues-27-notices-1-summon-to-shop-owners-in-Accra-with-unclean-frontages-1553006,1
44,Regional News,https://www.ghanaweb.com/GhanaHomePage/regional//GhanaHomePage/regional/RE-UDS-is-not-in-turmoil-1553003,1
45,Regional News,https://www.ghanaweb.com/GhanaHomePage/regional//GhanaHomePage/regional/Residents-of-Bipoah-bemoan-an-increase-in-occult-practices-in-the-night-1552997,1
46,Regional News,https://www.ghanaweb.com/GhanaHomePage/regional//GhanaHomePage/regional/Agumenu-heads-Dzodze-Penyi-Welfare-Committee-1552913,1
47,Regional News,https://www.ghanaweb.com/GhanaHomePage/regional//GhanaHomePage/regional/Police-Medical-Report-must-be-free-of-charge-Police-Commander-1552901,1
48,Regional News,https://www.ghanaweb.com/GhanaHomePage/regional//GhanaHomePage/regional/Religious-Leaders-in-Wa-schooled-on-terrorism-1552814,1
49,Regional News,https://www.ghanaweb.com/GhanaHomePage/regional//GhanaHomePage/regional/Ho-Municipal-Assembly-engages-taxi-operators-on-daily-toll-1552808,1
50,Regional News,https://www.ghanaweb.com/GhanaHomePage/regional//GhanaHomePage/regional/Ngleshie-Alata-chiefs-asked-to-unite-for-development-1552766,1
51,Regional News,https://www.ghanaweb.com/GhanaHomePage/regional//GhanaHomePage/regional/Police-to-reunite-11-year-old-girl-whose-father-attempted-to-use-her-for-money-ritual-with-family-1552751,1
52,Regional News,https://www.ghanaweb.com/GhanaHomePage/regional//GhanaHomePage/regional/World-Menstrual-Hygiene-Day-AHLEN-sensitises-50-girls-on-proper-management-of-menstruation-1552706,1
53,Regional News,https://www.ghanaweb.com/GhanaHomePage/regional//GhanaHomePage/regional/Taifa-St-Dominic-R-C-1-Basic-School-introduces-pupils-to-electoral-processes-1552694,1
54,Regional News,https://www.ghanaweb.com/GhanaHomePage/regional//GhanaHomePage/regional/Human-Rights-Reporters-Ghana-disapproves-of-public-lashing-of-two-lovers-in-Wa-1552661,1
55,Regional News,https://www.ghanaweb.com/GhanaHomePage/regional//GhanaHomePage/regional/Businesswoman-enstooled-Queenmother-at-Akyem-Akokoaso-1552556,1
56,Regional News,https://www.ghanaweb.com/GhanaHomePage/regional//GhanaHomePage/regional/Heroic-police-chief-featured-in-Adeti-s-Cash-for-Justice-Investigative-Film-promoted-1552496,1
57,Regional News,https://www.ghanaweb.com/GhanaHomePage/regional//GhanaHomePage/regional/Tension-at-Afram-Plains-as-drivers-threaten-demo-against-new-ferry-charges-1552361,1
58,Regional News,https://www.ghanaweb.com/GhanaHomePage/regional//GhanaHomePage/regional/AMA-locks-shops-in-Accra-with-unclean-frontages-drains-owners-to-be-summoned-before-court-1551992,1
59,Regional News,https://www.ghanaweb.com/GhanaHomePage/regional//GhanaHomePage/regional/Accra-floods-MMDAs-urged-to-adopt-integrated-waste-management-approach-1551983,1
60,Regional News,https://www.ghanaweb.com/GhanaHomePage/regional//GhanaHomePage/regional/GJA-will-be-repositioned-from-a-reactive-to-proactive-association-Albert-Dwumfour-1551944,1
61,Regional News,https://www.ghanaweb.com/GhanaHomePage/regional//GhanaHomePage/regional/30-pupils-of-Pentecost-Preparatory-School-escape-death-in-Oyoko-accident-1551914,1
62,Regional News,https://www.ghanaweb.com/GhanaHomePage/regional//GhanaHomePage/regional/Ghana-s-first-Living-Lab-built-in-Atebubu-and-Wiase-Forest-1551857,1
63,Regional News,https://www.ghanaweb.com/GhanaHomePage/regional//GhanaHomePage/regional/Girls-school-retention-enhanced-in-Eastern-region-with-sanitary-pads-1551836,1
64,Regional News,https://www.ghanaweb.com/GhanaHomePage/regional//GhanaHomePage/regional/No-first-year-student-was-asked-to-provide-furniture-before-admission-Atebubu-College-of-Education-1551815,1
65,Regional News,https://www.ghanaweb.com/GhanaHomePage/regional//GhanaHomePage/regional/District-and-Municipal-Assemblies-urged-to-support-LAC-to-make-their-services-accessible-1551710,1
66,Regional News,https://www.ghanaweb.com/GhanaHomePage/regional//GhanaHomePage/regional/GIPC-holds-investment-forum-to-sensitise-SMEs-in-Wa-1551647,1
67,Regional News,https://www.ghanaweb.com/GhanaHomePage/regional//GhanaHomePage/regional/Nationwide-SIM-card-registration-exercise-would-not-be-extended-Minister-1551641,1
68,Regional News,https://www.ghanaweb.com/GhanaHomePage/regional//GhanaHomePage/regional/Wa-flogging-GBA-to-provide-legal-assistance-for-victims-1551575,1
69,Regional News,https://www.ghanaweb.com/GhanaHomePage/regional//GhanaHomePage/regional/CENDLOS-holds-first-ever-national-digital-and-distance-learning-conference-in-Ghana-1551566,1
70,Regional News,https://www.ghanaweb.com/GhanaHomePage/regional//GhanaHomePage/regional/Twikrom-and-Krapoo-communities-get-electricity-1551395,1
71,Regional News,https://www.ghanaweb.com/GhanaHomePage/regional//GhanaHomePage/regional/Agortime-Ziope-MP-asks-citizens-to-be-security-minded-1551377,1
72,Regional News,https://www.ghanaweb.com/GhanaHomePage/regional//GhanaHomePage/regional/Cassava-farmers-trained-on-crop-related-diseases-in-Akatsi-South-1551131,1
73,Regional News,https://www.ghanaweb.com/GhanaHomePage/regional//GhanaHomePage/regional/Finance-Ministry-yet-to-release-funds-for-Blekusu-sea-defense-wall-Phase-II-1551110,1
74,Regional News,https://www.ghanaweb.com/GhanaHomePage/regional//GhanaHomePage/regional/Accra-has-many-communities-prone-to-experiencing-flooding-Asenso-Boakye-1551104,1
75,Regional News,https://www.ghanaweb.com/GhanaHomePage/regional//GhanaHomePage/regional/NPA-donates-to-Tamale-children-s-home-1551095,1
76,Regional News,https://www.ghanaweb.com/GhanaHomePage/regional//GhanaHomePage/regional/Western-Naval-Command-holds-Junior-Rates-Convention-1551056,1
77,Regional News,https://www.ghanaweb.com/GhanaHomePage/regional//GhanaHomePage/regional/Flogging-of-lovers-insane-Otchere-Darko-1551035,1
78,Regional News,https://www.ghanaweb.com/GhanaHomePage/regional//GhanaHomePage/regional/FDA-advocates-culturally-accepted-alternative-to-tobacco-use-1550993,1
79,Regional News,https://www.ghanaweb.com/GhanaHomePage/regional//GhanaHomePage/regional/Need-for-collaborative-efforts-to-end-child-marriage-Sheikh-Umar-1550924,1
80,Regional News,https://www.ghanaweb.com/GhanaHomePage/regional//GhanaHomePage/regional/Nurses-paying-as-much-GH-20k-GH-150k-for-postings-President-1550918,1
81,Regional News,https://www.ghanaweb.com/GhanaHomePage/regional//GhanaHomePage/regional/Tema-West-Municipality-not-getting-land-for-Agenda-111-district-hospital-1550912,1
82,Regional News,https://www.ghanaweb.com/GhanaHomePage/regional//GhanaHomePage/regional/Wa-flogging-I-m-happy-the-customary-laws-must-work-Maurice-Ampaw-1550873,1
83,Regional News,https://www.ghanaweb.com/GhanaHomePage/regional//GhanaHomePage/regional/NCCE-calls-for-peace-in-Bawku-1550819,1
84,Regional News,https://www.ghanaweb.com/GhanaHomePage/regional//GhanaHomePage/regional/Mayor-of-Accra-pays-working-visit-to-Ga-Mashie-admonishes-residents-to-stop-dumping-refuse-in-drains-1550774,1
85,Regional News,https://www.ghanaweb.com/GhanaHomePage/regional//GhanaHomePage/regional/1WF-s-Period-Matters-Pad-a-Girl-campaign-to-cut-menstruation-related-school-absenteeism-by-half-1550771,1
86,Regional News,https://www.ghanaweb.com/GhanaHomePage/regional//GhanaHomePage/regional/Nzema-Muslims-Leadership-Coalition-launches-scholarship-scheme-for-brilliant-but-needy-students-1550714,1
87,Regional News,https://www.ghanaweb.com/GhanaHomePage/regional//GhanaHomePage/regional/Police-injunct-drivers-naked-demonstration-1550654,1
88,Regional News,https://www.ghanaweb.com/GhanaHomePage/regional//GhanaHomePage/regional/We-II-throw-a-bomb-at-your-govt-if-our-naked-demo-does-not-convince-you-Drivers-to-Nana-Addo-1550621,1
89,Regional News,https://www.ghanaweb.com/GhanaHomePage/regional//GhanaHomePage/regional/Rites-finally-performed-coconut-seller-killed-by-lightning-laid-to-rest-1550609,1
90,Regional News,https://www.ghanaweb.com/GhanaHomePage/regional//GhanaHomePage/regional/Dr-Kwame-Afriyie-chairs-Western-North-Regional-health-committee-1550594,1
91,Regional News,https://www.ghanaweb.com/GhanaHomePage/regional//GhanaHomePage/regional/Coconut-seller-killed-by-lightning-in-Ho-identified-as-family-consults-oracles-1550576,1
92,Regional News,https://www.ghanaweb.com/GhanaHomePage/regional//GhanaHomePage/regional/Central-region-records-more-vehicular-burns-in-first-third-of-2022-1550465,1
93,Regional News,https://www.ghanaweb.com/GhanaHomePage/regional//GhanaHomePage/regional/North-Tongu-DCE-presents-dual-desks-to-schools-1550342,1
94,Regional News,https://www.ghanaweb.com/GhanaHomePage/regional//GhanaHomePage/regional/GIJ-Rector-advises-students-to-acquire-relevant-global-competencies-1550309,1
95,Regional News,https://www.ghanaweb.com/GhanaHomePage/regional//GhanaHomePage/regional/Upper-East-NPP-Women-s-Organizer-elect-thanks-delegates-1550276,1
0,Tabloid News,https://www.ghanaweb.com/GhanaHomePage/tabloid//GhanaHomePage/NewsArchive/Dr-Sa-ad-Iddrisu-lists16-best-websites-for-freelancing-jobs-for-the-youth-1532066,1
1,Tabloid News,https://www.ghanaweb.com/GhanaHomePage/tabloid//GhanaHomePage/NewsArchive/It-s-a-calling-from-God-Sex-worker-opens-up-on-job-1531256,1
2,Tabloid News,https://www.ghanaweb.com/GhanaHomePage/tabloid//GhanaHomePage/NewsArchive/I-left-my-UK-based-boyfriend-for-a-pastor-because-the-Holy-Spirit-revealed-he-will-marry-me-Woman-recounts-1528481,1
3,Tabloid News,https://www.ghanaweb.com/GhanaHomePage/tabloid//GhanaHomePage/NewsArchive/Death-will-humble-you-despite-your-power-and-wealth-Mortuary-man-advises-1522046,1
4,Tabloid News,https://www.ghanaweb.com/GhanaHomePage/tabloid//GhanaHomePage/NewsArchive/Jesus-during-his-last-supper-gave-alcohol-to-the-disciples-Maxwell-Kofi-Jumah-1521566,1
5,Tabloid News,https://www.ghanaweb.com/GhanaHomePage/tabloid//GhanaHomePage/NewsArchive/Most-Ghanaian-men-in-Germany-date-us-for-rent-and-food-Germany-based-Ghanaian-1518821,1
